College city,Skills
San Isidro,Administration
Dagsar,Aquariums
Quevedo,FDM
Jinzipai,Network Architecture
Vindeln,Management Due Diligence
Gangnan,Jib
Tvŭrditsa,HR Solutions
Manika,BFSI
Kali,IBM Websphere Commerce
Yangping,Kondor+
Denver,High Yield
Bang Kaeo,QLab
Buta,DJ
Bowang,Digital Signage
San Jose,Resume Writing
Saurama,HLASM
Fonte da Vaca,Young People
Sevilla,UIX
Kotuń,Customer Experience
Wesoła,NRP
Kronshtadt,Zebrafish
Montreuil,ISM
Asino,Xbox One
Itaquyry,Anti Money Laundering
Jaguariaíva,Technical Recruiting
Sai,Estate Planning
St. Thomas,IED
Sanxianling,OEE
Tarhuna,Qlogic
Patambuco,Overseas Production
Macia,NDMP
Sant Julià de Lòria,Data Warehousing
Huacho,IPS
Longyearbyen,Consumer Behaviour
Kosikha,Mixed-Signal IC Design
Caçapava,Special Effects
Carvalhal da Aroeira,Knowledge Sharing
Ōfunato,XML Sitemaps
Abreu e Lima,BMP
Makrochóri,Btrieve
Yongchuan,Oracle RDC
Kaka,Urban Geography
Nybro,Billing Systems
Patong,Konica
Canmang,Dump Truck
El Quiteño,International NGOs
Tandaltī,Photoshop
Pa Tio,Object Pascal
Nový Hrozenkov,Eyelid Surgery
Yerevan,Ion Chromatography
Ukata,BMC Remedy User
Depok,Autism Spectrum Disorders
Suphan Buri,DP
Concórdia,Runway
Dawan,CQM
Sanxianling,PDE
Rosaspata,Aerospace Industries
‘Arab ar Rashāydah,Microbiology
Rude,GCP
San Cristóbal Verapaz,Jeep
Tongzha,Community Development
Matsubase,Kettlebells
Magitang,Recruitment Advertising
Zhongdong,Sports Coaching
Kōriyama,Customer Follow-up
Trongsa,Windows Server
Geneng Tengah,Torts
Cartagena,Emotional Intelligence
Kandana,Pension Funds
Anilao,BPA
Malá Strana,Equity Trading
Thị Trấn Na Sầm,Aquatint
Niterói,PwC TeamMate
Kovel’,HV
Veracruz,USB
Hegeng,RFP Generation
Arvika,WLAN
Khānewāl,XBRL
San Marcos,XBRL
Tolbazy,Toad
Guangyubao,Music
Tha Ruea,Kickstart
Pułtusk,Up-selling
Nova Varoš,KT
Cankuzo,SRTP
Mabua,DCID 6/3
Xiaolukou,Medical Education
Nicoya,Federal Government
Pakxong,Turbines
Khondāb,Digital Imaging
Río Limpio,FTIR
Hucheng,pgAdmin
Kotri,ePub
Kefang,MMIS
Chaoyang,Tax Preparation
Lisboa,Real Estate Economics
Arivonimamo,MVNE
Anaheim,Biology
Aghada,Insurance
Taiobeiras,OData
Parabon,nMarket
Cincinnati,Solution Selling
Shypyntsi,XenClient
Cachón,Flash Animation
Ratchaburi,Yacht Charters
Huangshagang,MP3
Balagon,Small Business Online Marketing
Pajeksan,Slide Shows
Guandu,JGroups
Thanh Chương,JSLint
Maythalūn,Diagnostic Ultrasound
Řehlovice,VxFS
Sho’rchi,Green Building
les Escaldes,Eggplant
Coolock,Fire Alarm
Rejowinangun,Aqualogic
Bagé,Financial Audits
Qarqaraly,MDA
Pacora,Animal Nutrition
Nkpor,VMware Server
Lacombe,Book Reviews
Qilin,Algebra
General Martín Miguel de Güemes,Corel Draw
Lilin Satu,Art Direction
Baler Baleagung,SFR
Kalodu,Cellular Communications
Al Ghandūrah,DDI Certified
Sapucaia,Slovak
Mobile,Hospitality Industry
Jiucaigou,GFAS
Jiangzao,RNP
Kuruman,CPT
Lipno,Git
Mikulčice,Youth Marketing
Ligonggang,Graduate Recruitment
Sosnovyy Bor,CVIS
Glamang,Lyricist
Pondokunyur,Scheduling
Stará Huť,Chemical Engineering
Ciranca,HSEQ
Luleå,EViews
Baitu,SSIS
Kauniainen,BDD
Årsta,DFA
Mengcheng Chengguanzhen,Gardening
Chor,Swedish
Ninghai,RMADS
San Antonio,RC
Kadudampit,MPEG Streamclip
El Caño,Vtiger
Gaotang,Bhangra
Vladikavkaz,CDISC
Klang,Helicopters
Megion,21 CFR
New Glasgow,TSYS
Chvalšiny,JIRA
Popovice,CGI scripts
Puspajaya,MPLS VPN
Tangxia,Akka
Otlja,JBoss Application Server
Wudan,TMG
Kotuń,UIKit
Nemours,Project Engineering
Pakusari,Home Equity Loans
Lincha,MRB
Pravdinsk,Logic Pro
Buliran Segundo,CMA
Najin,ODI
Stary Sącz,TSP
Mojosari,Broadcast Journalism
Aldeia da Piedade,HTK
Comillas Norte,QuarkXPress
Thung Song,Hair Care
Liangshuihe,Software Project Management
Verkhniye Osel’ki,OE
Kasulu,IOS Firewall
Jiangkou,Medical Writing
Kotlas,Forecasting
Severka,Long-term Customer Relationships
San Vicente Pacaya,WWAN
Rikitea,Kickstart
Pagak,Guest Recovery
Segodim,Corporate Branding
Saint-Étienne-du-Rouvray,MBCS
Kwangyang,Screenwriting
Fryanovo,SAP BPM
Silver Spring,NPIV
Shāhdādkot,International Economics
Naples,Shrinkage
Mamer,Cycle Time Reduction
Tampa,Framing
Guozhai,Driving Results
Shujāābād,Passionate about work
Besançon,MD&amp;A
Trostyanets’,Yamaha M7CL
Kiruna,SGE
Tianxing,Sap Fm
Descalvado,Simulations
Badīn,Japanese to English
Ituiutaba,Supply Chain Optimization
Zhujiaqiao,Science Journalism
Orguz,MyChart
Altanbulag,cGLP
Wilczyce,NGL
Gambut,Ultrafiltration
Hongshunli,DCP
Nanhu,Autodesk Inventor
Stare Juchy,McAfee
Reguengos de Monsaraz,ATG CSC
Valencia,FX Hedging
Pereira,RoboHelp
Hödrögö,OC RDC
Kalodu,White Papers
Malim,VBScript
Sal’sk,Content Strategy
Songbo,SLES
Hetan,AU
Sleman,Grocery
Jieshan,CBT
Logung,Logging
El Paso,Legal Liability
Partesh,DP
Huyunxiang,CQS
Afogados da Ingazeira,MVNE
Dinititi,Go
Nioki,VCI
Blučina,Financial Risk Management
Annonay,RTL Design
Líně,NDM
Nakkila,TSCA
Yerevan,SRTP
Belovo,PFGE
Areeiro,DFR
Jingdezhen,Powers of Attorney
Lille,Foreign Languages
Konobeyevo,Federal Grants Management
Mosquée,Web 2.0
Daxing,Lytec
Osiek nad Notecią,Abstract Paintings
Vila Real de Santo António,PMIS
Kajuru,KDB+
Petaling Jaya,DPM
Hegeng,HBase
Sudoměřice,System Architecture
Tambaksumur,iGrafx
Sukamaju,DFT
Stari Grad,Human Factors
Dongkeng,IBM Websphere Commerce
Yonkers,TVPaint
Arauco,WebLogic
Krajan,Psychopharmacology
Upi,Sketching
Xiuying,Diabetes
Kayes,PK/PD
Amiens,Elder Care
Sila Lat,Static Timing Analysis
Velyka Lepetykha,IBM AS/400
Bressuire,CXO level engagement
Koudougou,Flooring
Nanjiao,HTC
Chok Chai,RTDS
Xinning,Sales Effectiveness
Marianowo,NX Unigraphics
Yishui,Government Relations
Rahama,Economic Development
Pingdi,GDI
Paris 17,GBA
Kalayemule,XLMiner
Cardal,Full-life Cycle Recruiting
Kuzhu,Software Project Management
Boniewo,Equestrian
Non Sang,RRP
Yakovlevo,RCS Selector
Vyatskiye Polyany,QR
Gurinai,Analytical Ultracentrifugation
Huangling,Food Preparation
Grand Rapids,Young Adults
Malawa,WTX
Donetsk,NXP
Luofang,Reverse Logistics
Goyty,NCBI
Valence,BDMS
Degan,Joint Ventures
Wawu,Mobile Devices
Kemijärvi,Strategic HR
Tocok,Publishing
Haodian,Zuora
Sanpai,HTA
Líbano,Clarity FSR
Dete,3Com NBX
Jebba,IGP
Chornukhyne,JScript
Ruse,BS7799
Kuantan,Thermodynamics
Lingcheng,ESB
Hexi,HP Procurve
Toledo,Guided Tours
Karasuyama,Administrative Law
Skelleftehamn,HP Networking
Chitungwiza,EFTPOS
Motrico,Professional Services
Gnosjö,Erosion
Arcachon,Xactly
Donggaocun,Klocwork
Saint-Fargeau-Ponthierry,BTE
Mabayo,Audio Typing
Mitry-Mory,solid-state NMR
Māmūnīyeh,Tortoise CVS
Alexandria,AXI
Alaminos,Human Resource Planning
Courbevoie,Snow Leopard
Jerusalem,HCFA
Amphawa,Linux KVM
Kamru,Youth Empowerment
Yangjian,CX
Requena,Cognitive Psychology
Xianyi,Trail Running
Paris 12,EBSCO
Kudara-Somon,Spreadsheets
Phibun Mangsahan,RLM
Las Palmas,AASHTO
Prachin Buri,SSBI
Huaquirca,Attendance Management
Saltsjöbaden,Protein Purification
Duran,DDS
Selikhino,JVM
Huage,HPLC
Skärholmen,Cuisine
Cértegui,NGN
Stary Sącz,Grief Counseling
Gornji Breg,TGI
Toubao,Active TS/SCI Clearance
Malabonot,CST Microwave Studio
Jinghong,Robotics
Ngô Đồng,Drawing
Hongzhou,MCAD
Jaroměř,Lymphedema
Zalesnoye,TCF
Deskáti,Natural Resource Management
Mlimba,HLR
Puerto Madryn,Animal Behavior
Leganes,Lyrics
Putrajaya,Topographic Surveys
Xiantang,fMRI
Ekou,Geomatics
Krajan Satu,Gel Electrophoresis
Yaxi,Lunch
Sochaux,Architectural Drawings
Cirangrang,Wholesale Lending
Kazan,Zoology
Piúma,Museums
Wuhao,Cd
Nîmes,Yearbook
Simão Dias,IEC 61508
Dok Kham Tai,Sellers
Néa Ionía,nCloth
Koktal,NIR Spectroscopy
Jiuhe,RMAN
Bobota,DPF
Gravataí,HSM
Port Maria,DNA
Mogwase,PMB
Loma Bonita,BSS
Pasirlaja,MSBuild
Rājbirāj,QSA
Memphis,Market Research
San Francisco de Yare,CGEIT
Gaomiaoji,Active DoD Secret Clearance
Lambton Shores,VHDL-AMS
Erada,Kaizen
Chmielno,SBA
Sidaurip,LCR
Skulsk,DC Power
Eiguliai,KOL Identification
Imari,EHR
Kildare,Technical Writing
Muxagata,Teeth Whitening
Newtown,MMC
Zhangjiachang,Knee Pain
Ichuña,Microsoft Office
Waipawa,Zsh
Karolinka,PCM
Fuxing,Toyota Production System
Artsvanist,Team Building
Medina,Healthcare
Itabaiana,Nursing Care
Arroteia,Rock Mechanics
Shahe,Japanese
Hamburg,JFace
Imider,Equity Valuation
Bang Bo District,Nmap
Jiulongshan,Cell
Zeqin,Vi
Shuangshi,Fine Art
Cherbourg-Octeville,Commercial Lending
Skuhrov nad Bělou,ASME
Zalanga,FDD
Niterói,WordPerfect
Solnechnyy,GNS3
Esperanza,IT Recruitment
Tirtopuro,Visual Basic
Madrid,Grant Writing
Blantyre,EWP
Mvomero,Xajax
Mubi,TTL
Kashin,Nslookup
Kembang,Google Analytics
Símantra,Furnishings
Chacapalpa,Oracle E-Business Suite
Sabanagrande,Global Mobility
Bruxelles,MyEclipse
Mineralnye Vody,Construction
Mahalapye,VRML
Qingshan,MHP
Klampok,Fences
Jingyao,DMVPN
Paris 12,Food Safety
San Lorenzo,Social Media Marketing
Blangpulo,NGP
Pantaibesar,DV Cleared
Rancagua,Koha
El Porvenir,Eye Tracking
Tawau,PKMS
Naka,Drip Irrigation
Hörby,Psychopharmacology
Jiji,Tutoring
Hamburg Winterhude,Electric Utility
San Jose,xCAT
Kansas City,Transportation
Anning,Sleep Medicine
Varberg,Human Factors
Batabanó,Bit.ly
N’dalatando,NAS
Tafraout,NBFC
Máncora,Rheology
Sinop,IA32
Muarapinang,LCL
Georgīevka,FCAW
Larangan,Active Directory
Pô,Kernel Programming
Randuboto,DFD
Kokkini Trimithia,SLC500
Martingança-Gare,Transportation
Uppsala,Americans with Disabilities Act
Morioka-shi,PMBOK
Battaramulla South,Zeta Potential
Ånge,Critical Thinking
Kawagoe,Construction Loans
Sala,WWII
Fuxin,MLA
Oslo,Business Aviation
Babantar,Test Driven Development
Santa Ana,Bathrooms
Mompach,Weapons
Guangyi,Business Process Improvement
Mitrovicë,Solaris Zones
Naprawa,jQuery
Gapyeong,QRC
Yulin,VSA
Desakolot,Time-efficient
Subusub,PFEMA
Chenqiao,NX-OS
Gamleby,Norton Utilities
Zafar,WSIB Claims Management
Jintian,MSP430
Samoš,DNS Administration
Laslovo,IPSec
Obubra,ITIL v3 Foundations Certified
Phan Rang-Tháp Chàm,Food Safety
Sarapul,DVR
Tambobamba,RSVP-TE
Korczew,Yamaha PM5D
Laidian,WPC
Serebryanyye Prudy,IASO
La Palma,HSUPA
Banjar Tegal Belodan,Hoshin Kanri
Gualeguay,IBM pSeries
Laxiong,Osteoporosis
Sidomulyo,Glassfish
Ylihärmä,HSEEP
Vani,XML Schema
Pasarkuok,Vocal Coaching
Toumodi,Virtualization
Maguyam,MySQL
Kobilje,Dtrace
Taurisma,Russian
Al Bājūr,XDCAM
Mao’er,GLP
Kowale,GDI
Yangmiao,Pain Management
Cam Lâm,Life Cycle Assessment
Agen,360 Feedback
Fosca,Portraits
Dongjiang Matoukou,JPOS
Khulo,Yacht Charters
Zabierzów,SolidWorks
Pápa,SNAP
Trbovlje,BPWin
Wirodayan,HDTV
Holguín,Yardi Voyager
Slawharad,ION Marketview
Jardinópolis,LPR
Corrego Grande,WSIB
Santiago De Compostela,Flights
Saaban,JUNOS
Rūdiškės,Small Business Marketing
Åkersberga,MRI Plus
Sanli,CA Unicenter NSM
Miao’ertan,DDL
Longhua,GSP
Dangcalan,Ironport
Chujiang,SAP BW
Chadiza,Credit Cards
Vranisht,JVC
Sukamaju,Electric Power
Xinfeng,Video Editing
Libu,Snowboarding
Tieremu,RMP
Rongdoi,White Box Testing
Nagornyy,OSHA
Miaotou,Exercise Physiology
Domsjö,DBVisualizer
Dālbandīn,AED
Alapayevsk,JavaSE
Albina,Powder X-ray Diffraction
Liangdang Chengguanzhen,Healthcare Industry
Vạn Giã,Managed Services
Busungbiu,Xbox
Non Suwan,PWB
eMbalenhle,Sustainable Agriculture
Edineţ,Corporate FP&amp;A
Araçuaí,Life Insurance
Évry,Lighting
Gading,Boating
Maanas,Title Insurance
Pacora,TGA
Volosovo,Solid Oxide Fuel Cells
Wakefield,Blood Pressure
Indianapolis,Electrical Design
Warungawi,Data Integration
Rumāh,VMware Workstation
Châteauroux,CSCP
Yarabamba,RNAi
Kungälv,Therapeutic Areas
Qiryat Motzkin,RHIT
Ebu,Development Economics
Santander de Quilichao,Omnis
Vityazevo,Organic Chemistry
Az Zuwaytīnah,Athletic Performance
Hato Mayor del Rey,Brazilian Jiu-Jitsu
Jiangdianzi,Ice Hockey
Shikou,Content Strategy
Horred,Practice CS
Laolong,NG-SDH
Ćmielów,JDBC
Vohibinany,EIS
Qinling Jieban,Geophysics
Gubu,Routers
Chalcos,Qualitative Research
Pajarillo,Foreign Affairs
Makīnsk,HQL
Darkūsh,Classical
Ezhou,PnL
Trail,Clinical Development
Llano Largo,SDI
Chajarí,BPD
Baytā al Fawqā,VDI
Yuantan,Utility Locating
Kemlya,DMZ
Kromy,FX Animation
Obispos,Furniture
Krajan Tengah,Fashion Shows
Huangmao,Value Stream Mapping
Taishan,FTPS
Krajan Dukuhseti,JVM
Lianpeng,CMS-1500
Odrinhas,OID
Legok,Film Production
Kyra,Fume FX
Okocim,Vehicle Dynamics
London,Petroleum
Rantīs,Yarn
Buynichy,GMC
Huwan,MIS
Bergen,Commercial Litigation
Arrepiado,Slate
Älmhult,Military Experience
Kalangsari,RCDD
Prochowice,Networking
Shchelkovo,Yardi
Babakansalam,Slickline
Victoria,Molecular Dynamics
Montonggamang,MPLS Networking
Kokotów,VBA
Avdzaga,Furnishings
Mbinga,Permanent Placement
Hadayang,XML Publisher
Mangxing,Branch Banking
Kyzyldzhar,SQL Server Management Studio
Tongxing,GML
San Pa Tong,Visio
Daugavpils,TTD
Barbaza,Yields
Huatajata,CPFR
Sukakerta,Sensory Evaluation
Pantian,DMP
San Miguel,BDC
Vista Hermosa,Hospitality Management
Tanlin,IGP
Selorejo,Woodworking
Inđija,DNP3
Dadianzi,DTE
Ríohacha,Visual Communication
Panzhuang,DBUnit
Rybno,Recruitment Advertising
Gaogongdao,RF Planning
Youdian,FM200
Kontiolahti,QML
São Paulo,PVS
Hezheng Chengguanzhen,Equity Derivatives
Banja Luka,Yellow Book
Mshinskaya,XRF
Uppsala,CNN Pathfire
Sobreira,BMC Remedy AR System
Wuhu,International Real Estate
Tianjiaba,Electric Utility
Leeuwarden,Organizational Leadership
Oxelösund,Social Media Blogging
Caihua,GTM
Noshiro,FSP
Fort Erie,Overseas Production
Choloma,GNU tools
Cacoal,Helicopters
Radocza,Yellow Belt
Canoinhas,PK
Mpulungu,ICU
Paarl,Jeep
Kuressaare,Orchestral Music
Castilla,Brand Management
Krajan,Area Rugs
Tršić,DTDs
Gelatik,Ocular Disease
Luokeng,TPF
Tongli,APO SNP
Chervonoarmiys’k,Atomic Absorption
Riversdale,Financial Accounting
Bamusso,Smartforms
Ngandangan,T-SQL Stored Procedures
Nusajaya,OLEDs
Nazareth,PVD
Stuttgart,Part-Time CFO Services
Ciampea,FFA
Bontoc,DMMs
Zicheng,FpML
Maoming,OBIEE
Qiaotou,Routers
Naze,IGMP
Tanjungrejo Lor,XenClient
Louta,Flyers
Shuren,Hyperion
Paris 03,GMAT
Marks,Komodo
Nanterre,global HCM
Doloon,PDP
Tancheng,FP
Infonavit,New Business Development
Ramotswa,Sales Process
Uyuni,New Product Ideas
Koton Karifi,Microcontrollers
San Jerónimo,CCTV
Haikou,Woodworking
Krasnorechenskiy,Reality TV
Gaogu,Patrol
Kilkís,CWSP
Labangka Satu,Recruiting
Fort Worth,HP Quality Center
Tall Rif‘at,JSF
Guadalupe,AXI
Savannah,CTF
Ābdānān,Diagnostic Ultrasound
Tessaoua,Humanitarian Assistance
Kitakami,Slide Shows
Granja,Branch Banking
Zhongguanyi,EPR
Topol’noye,Aquatint
Saarbrücken,Bloomberg
Safotu,Yahoo Search
Martapura,VB.NET
Port Harcourt,MSDS
Mi’ersi,Dog Training
Springfield,Segregation of Duties
Tripoli,Constructive Feedback
Verkhnye Syn’ovydne,Gaming Industry
Springfield,Geography
Baolin,Pyrography
Ansongo,RWD Info Pak
Togur,SSEP
Kōnan,LLDPE
Orós,Generators
Lasusua,Criminal Justice
Drawno,Corporate FP&amp;A
Yungay,CSV
Umeå,Xeriscaping
Pringgoboyo,EOD
Beitan,Gastroenterology
Cagwait,SGML
Garajati,Biblical Studies
Kuching,Frozen Food
Lakinsk,HPHT
Durham,MCAD
Söderköping,Curriculum Development
Xiwanzi,FFP
Muzhou,Close Protection
Amarillo,Crystal Reports
Caticugan,Internet TV
Ngulakan,CVE
Kiviõli,Ownership
‘Arīshah,Cd
Cherëmushki,DVD Replication
Grand-Bassam,Utilization Management
Paços de Ferreira,European Affairs
Covão,RMP
Lewolen,SDL Trados
Nagoselo do Douro,TK Solver
Volot,DVB-T
Baihe,GLP
Tembeling,JSR 168
Kut Chap,Pilates
Hujiagou,XML Databases
Tianchang,HDRI
Huambalpa,WebSphere MQ
Legaspi,Epi Info
Makarska,Finance
Yuxin,PPP
Perpignan,CNC Machine
Delft,WSUS
Anmore,Financial Services
Daixi,WPS
Mandala,CV
Kampungruweh,Value Engineering
Colonia Wanda,Wrongful Death
Sannois,Overcome Objections
Shiki,GIS
Ninh Giang,GPCRs
Taoyuan,Focus Groups
Kirawsk,European Affairs
Diriá,Medical Writing
Jabłonka,Window Displays
Dongxi,Jiu-Jitsu
Berthierville,cGMP practices
Araras,Kyphoplasty
Oeri’u,Kindergarten
Abade de Neiva,LSS
Doksy,CA Unicenter NSM
Calvário,Juvenile Delinquency
Wysoka Strzyżowska,dSPACE
Qiaozhuang,High Availability Clustering
Kouango,Sustainable Agriculture
Tubungan,Oxy-acetylene
Tsybli,Oil &amp; Gas Industry
Wiset Chaichan,SRAM
Grodków,RDL
Tanggan,Healthy Eating
Kaoma,Program Evaluation
Roshchino,Planning
Marjayoûn,Ebooks
Klenak,Public Safety
Tagbacan Ibaba,VMware vSphere
Abaeté,LCD Projectors
Mae Sot,HSEQ
Leuwibuleud,Vascular
Gushi,Sketching
Satovcha,SFX
Všeruby,Digital Signage
Shirokaya Rechka,Access Control
Dabao’anzhen,MDB
Torre,Nslookup
Yangqiao,Estimates
Manaoag,HUET
Kiel,ODE
Yasenskaya,DME
Las Trojes,PMBOK
Daxing,Venture Capital
Wangon,Joint Ventures
Shancheng,TCO reduction
Correia Pinto,Construction
Kosan,DVD
Menanga,RED MX
Jiaoshanhe,Continuous Improvement
Quitilipi,Characterization
La Cueva,Teaching Writing
El Bálsamo,Nursing Process
Benhong,eGain
Nandayure,IKE
Al ‘Āqir,DFLSS
Opatów,Video Editing
Valbonë,MRDs
Bonak,IEC
Tchaourou,Automotive
Gort,uC/OS-II
Sumurnanjung,MLRO
Kokkári,Healthcare Consulting
Carnaxide,Teamwork
Loudi,Sungard GMI
Drawsko Pomorskie,Creative Non-fiction
Sukoanyar,TSCM
Ośno Lubuskie,WLR3
Penamacor,Electric Utility
Rio Preto da Eva,IFTA
Petrolia,Axioma
São Mateus,OMAP
Nomhon,iGrafx
Gowarczów,RVs
Jin’an,GMP
Beipai,Urban Geography
Colendra,Mobile Communications
San José El Ídolo,Bootstrap
Ożarowice,RSL
Orlando,PgSQL
Napanee Downtown,Citrix
Ghauspur,Social Media Marketing
Jepat Kidul,Outsourcing Management
Bobolice,Style Guides
Ornontowice,IBM Content Manager
Maebashi-shi,Japanese
Nakhabino,Avid Newscutter
Longcang,RFP
Liugong,LynxOS
Duobagou,Whole House Renovations
Skovorodino,NICU
Kandahār,Flight Training
Salt Lake City,Microsoft SQL Server
La Mohammedia,Iron
Espírito Santo do Pinhal,ILM
Kamloops,CXO
Igbaras,Mechanical Engineering
Baturinggit Kaja,RF
Mariano Moreno,MRTG
Camperdown,Non-fiction
Oliveiras,HDX
Gambang,SFR
Zhongbao,FTIR
Longgang,Keynote
Dubrovnik,VMware ESX
Alindao,People-oriented
Shajing,MS Axapta
Jarocin,MHE
Putinci,MVT
Shumikhinskiy,Dump Truck
Dū Laīnah,Hydropower
Thị Trấn Mường Khến,Outdoor Kitchens
Belmopan,TNS Media Intelligence
Karabash,FX Swaps
Cergy-Pontoise,Earthworks
Zvezdara,Feature Films
Zalaegerszeg,Veterinary
Taohua,CBI
Kuala Lumpur,WSGI
Fargo,WCB
Bedinje,Early Childhood Development
Yege,VPP
Banjar Buahan,Latin America
Tsagaandörvölj,Tactics
Inkerman,Oil &amp; Gas Exploration
San Roque,CPIM
Berlín,User-centered Design
Terangun,Flooring
Cabcaben,Disaster Recovery
Raoyang,EOL
Bengras,Xeriscaping
Rust’avi,SWAT
Bera,Xenu
Lauro de Freitas,Criminal Law
H̱olon,CTRS
Bendilwungu Lor,MbUnit
Ina,Health Education
Bartniczka,Information Assurance
Studénka,Rhino
Vale de Rolas,Bylaws
Nailong,JMP
Kafyr-Kumukh,Public Relations
Guanli,TSS
Matou,DOS
Coté-Lai,PFMEA
Kokas,Financial Reporting
Heping,RF
Zhongba,Medical Writing
Lazaro Cardenas,Yoga
Quankou,Title IV
Palmira,TSCM
Planá,Career Counseling
Odintsovo,NIST
Balatun,CMiC
Kondinskoye,Epoxy
Chantal,Military Training
Fernandópolis,OCR
He’an,CTL
Boshkengash,MSBuild
Adolfo Ruiz Cortines,IoC
Surgut,Project Planning
Shar’ya,Tax Accounting
Sausa,Blackberry Enterprise Server
Voskresenskoye,eWFM
Am Djarass,Kinetic Typography
Banjar Banyuning Barat,Interest Rate Derivatives
Debark’,RTI
Buenos Aires,Objective-C
Pomiechówek,EOI
Arroyo Naranjo,Cinema 4D
Arlöv,Product Life Cycle
Tian’an,Ericsson OSS
‘Arad,Working Abroad
Sirindhorn,HRIS Database Management
Krasnoznamensk,ProSystem fx Engagement
Seymchan,GMC
Hovězí,NYISO
El Crucero,Jewelry Design
Enköping,Snorkeling
Hövsan,HDX
Anling,Six Sigma
Brändö,IMS DB/DC
Lugulu,Civil Society
Modakeke,GFAS
Bilajer,PVS
Kekeran,MPLS Networking
Daru Rilwan,FTP
Damu,CDM Co-ordinator
Kondoa,JTAPI
Mautapaga Bawah,Web Analytics
Makurazaki,TMJ Treatment
Albion,HBA
Vilkaviskis,Linux Kernel
Johor Bahru,Information Security Awareness
Xinjiezi,Advertising
Ravne na Koroškem,JDA E3
Krasnyy Oktyabr’,Bylined Articles
Qinggis Han,MyChart
Cabouco,Scheduling
Beaverlodge,HLA
Tianhu,Flexo
Lyon,FTTP
Czeremcha,EBSD
Caherconlish,Zynx
Djibouti,Commercial Property Owners
Savannah,First Time Home Sellers
Arrufó,Geometric Dimensioning &amp; Tolerancing
Eldama Ravine,Gynecology
Nishi-Tokyo-shi,EBITDA
Chiang Yuen,Jewish History
Cúa,Jewish History
Avignon,Air Freight
Novovoronezh,QlikView
Kista,WS-*
Varberg,TNS
Dagui,Payments
Téra,EH&amp;S Compliance
Vũ Quang,IICRC Certified
Huoche Xizhan,PCS7
Amfíkleia,Keyboards
Passo,Fitness
Mundão,EU Law
Yangsha,SBEM
Junaynat Raslān,Clarity FSR
Quatre Bornes,Xbox
Castlerea,Programming
Kakamega,SQL PL
Dolores,American English
Mashava,EOQ
Galapa,Drama
Sorodot,Legal Documents
Huaiyuan Chengguanzhen,JTAG
Tupaciguara,Yard Signs
Huanggang,Journalism
Frederiksberg,Digital Signal Processors
Tandzut,Market Knowledge
Wangpu,Observation
Zhonghouhe,OTDR
Liuzhi,SRT
Laotai,Pigments
Yufrus,Servers
Novaya Tavolzhanka,RPOs
Sastöbe,Lyris ListManager
Sundbyberg,XMPP
Margotuhu Kidul,Creative Direction
Paninggaran,Iron Ore
Valjevo,Gynecologic Oncology
Zhaodong,ABAP Web Dynpro
Huangshi,Ableton Live
Harrisburg,Electronic Trading
Entre Rios,BPCS
Kairouan,Invoicing
Mérignac,PVC
Rujewa,Clarity FSR
Laventure,LDP
Lainqu,IFR
Jiangna,Dynamics
Oslo,Loan Origination
Outeiro,AX 2009
Goczałkowice Zdrój,DFMA
Neya,MCS
