College,Project Domain
Poland,Apartments
Czech Republic,HTRF
Sweden,Change Control
Indonesia,Smartphones
Macedonia,RSLogix
Philippines,LDA
France,Medical Ultrasound
Portugal,FDQM
Pakistan,Litigation Support
Canada,Risk Analysis
Brazil,Operating Room
Brazil,Stand-up Comedy
China,Non-fiction
Czech Republic,Zenoss
Colombia,CTR
China,Agile Methodologies
Philippines,Blogging
Russia,Westlaw
China,AHU
Russia,IEC 61508
Poland,McData
China,Bylaws
Sweden,IT Hardware Support
China,Banquets
China,DCS
Philippines,Management Due Diligence
Thailand,OSHA
China,Social Skills
Mexico,Jeans
Philippines,xPC Target
Brazil,cPanel
Serbia,Qualitative Research
China,Fragrance
Colombia,GxP
China,HSS
Russia,UK Law
Yemen,PFT
China,Turf
Indonesia,WebSphere Application Server
Botswana,PyMEL
Spain,TBS
Ukraine,Audio Editing
Portugal,Prenuptial Agreements
Argentina,KPI Implementation
Portugal,Oz Principle
Philippines,HCV
Benin,Keyboard Skills
Micronesia,CTFL
Poland,UV/Vis
Philippines,SSRS
China,UBD
Portugal,FHLMC
United Arab Emirates,JIT
Philippines,Google Docs
Brazil,JMP
France,DLX
China,QS9000
Paraguay,Ultrasonic Testing
Ukraine,VMware ESX
Jamaica,HP Procurve
Russia,Small Business Development
Philippines,IFR
Mexico,Be Your Own Boss
Indonesia,Medical Education
Micronesia,Zoomerang
Netherlands,Mac &amp; PC platforms
China,SFTP
Philippines,EViews
China,Jet Engines
Tanzania,Payment by Results
Brazil,Publications
China,BDC programming
China,QML
Poland,Owner Representation
Philippines,NYMEX
Sweden,Credit Cards
Russia,Piano Education
China,BSC
Thailand,HR Metrics
Philippines,EOU
China,VSS
Jordan,DDA compliance
Russia,Hair Care
China,LCD TV
Croatia,JCR
Sweden,Pension Funds
Sweden,SBRT
South Korea,Zend Server
Portugal,Logging
American Samoa,Iron
Sweden,Office Administration
China,TWiki
China,Eagle PCB
Philippines,DFSORT
China,Intergovernmental Affairs
China,IAD
China,Career Counseling
Argentina,Hg
Papua New Guinea,OHSAS 18001
Vietnam,PV
France,Variable Data Printing
China,Jet Ski
Indonesia,Fit-out
China,RLU
Serbia,Commercial Awareness
Venezuela,Hiring
China,GSX
Indonesia,FCC
Indonesia,TUPE
France,Agile Project Management
Norway,RTSP
Madagascar,Custom Furniture
Uzbekistan,Sustainable Development
Argentina,GDS systems
South Africa,VCI
Mexico,GTM
Colombia,JMF
Indonesia,Pastoral Counseling
South Korea,Smart Cards
Bangladesh,NLB
Indonesia,LDRA
Colombia,RPAS
Indonesia,JGroups
Haiti,Downstream Oil &amp; Gas
Hungary,WLST
Russia,QuarkXPress
Cameroon,Site Planning
Philippines,Ethics
Bolivia,Kubuntu
Argentina,BMP design
Azerbaijan,TBS
Indonesia,Rx
Chile,Jury Trials
France,Educational Outreach
Central African Republic,Museums
France,FCS
Libya,Rhapsody
Argentina,DNS
Namibia,Group Dynamics
Portugal,NCFM Certified
Peru,XML Spy
Indonesia,FFIEC
United States,Eyelid Surgery
Bulgaria,Yamaha PM5D
Nigeria,HDI Support Center Analyst
East Timor,Dell KACE
Russia,Non-compete Agreements
China,FF&amp;E Procurement
Paraguay,Oil Sands
Philippines,HR Management
Philippines,BSD
Indonesia,Oracle VM
China,CME
Poland,RMA
China,Sales Effectiveness
Macedonia,cDNA
Japan,LCD TV
Macedonia,RFP Generation
China,Top Secret
Mexico,CQM
Vietnam,GMC
China,Indoor Air Quality
Japan,HDPE
Russia,Film Production
Nigeria,Start-ups Management
Russia,Outdoor Kitchens
Greece,Music Videos
United States,Flights
China,At-risk
Indonesia,Community Outreach
Malaysia,HMDA
South Korea,Earned Value Management
Russia,Data Migration
Argentina,Kompozer
Russia,HR Solutions
Poland,Leases
Portugal,DNA quantification
France,Vehicle Dynamics
Czech Republic,HSE Management Systems
Philippines,SFX
Czech Republic,GFP
Ukraine,Health Psychology
China,Compliance Oversight
Serbia,Cerner
Russia,Funding
China,FI-AA
France,Economic Policy
Brazil,DS3
United States,VBA
Indonesia,Laptops
Sweden,After FX
Netherlands,Fashion
China,SSADM
Georgia,cGMP practices
Portugal,LSL
France,HUET
Portugal,Risk Management
Cuba,TDI
China,CATIA
China,Adult Education
Philippines,Black &amp; White Photography
Pakistan,Atmel AVR
Russia,Mobile Games
China,Oil Paint
China,Phase II Environmental Site Assessments
Indonesia,Essbase
China,FCS
Thailand,Key Account Relationship Building
Sweden,HP EVA
Philippines,Juniper Switches
Canada,Breaking News
China,Object Oriented Software
Ukraine,Unreal Editor
France,Perl
Vietnam,IVIG
China,Xserve
China,BSSAP
Malaysia,BLS
Serbia,Development Economics
Russia,Journal Entries
China,Community Organizing
Russia,After FX
Czech Republic,Working Abroad
China,Ozone Therapy
Russia,Ideas NX
France,Kettlebells
Ukraine,GMC
Poland,Broadcast Television
Pakistan,Offshore Operations
Argentina,TSM
China,JavaBeans
United States,Play Therapy
China,Yellow Pages
Poland,Solvency II
Sweden,Hyperion Planning
China,PPV
Turkmenistan,MP2
Paraguay,GFP
Poland,BMP design
Philippines,DDD
New Zealand,RHEL
Philippines,Epidemiology
Monaco,Key Account Development
China,Eyeliner
Pakistan,SAP BPM
China,Knitwear
Pakistan,Crossbeam XOS
Philippines,MLP
Tunisia,Agile Testing
China,User Experience Design
Indonesia,BSCI
Indonesia,DLNA
Iraq,Process Simulation
Panama,Packaging
Czech Republic,UDDI
Russia,JCR
Mexico,Employment Law
China,MCNP
France,Yii
Russia,TCLEOSE Instruction
Panama,Vulnerability
China,SQR
Japan,GCP
Greece,BMC Remedy
Portugal,Business Overhead Expense
Tajikistan,ebXML
Philippines,Wealth Management
Tanzania,Quality Management
Indonesia,Software Documentation
China,Total Cost of Ownership
Poland,Museums
Sri Lanka,GNU C
Indonesia,Cardiac MRI
Spain,Aquaponics
Vietnam,ZeroMQ
Nicaragua,pfSense
Philippines,Youth Leadership
France,Knowledge Discovery
Colombia,Green Building
China,Cross-border Transactions
Poland,ETL Tools
Colombia,Volunteer Recruiting
Germany,RP
China,Java RMI
Pakistan,Xcode
Indonesia,Lead Generation
Hong Kong,Cell
China,Yoga
China,Interior Architecture
Russia,RFID+
Portugal,PyUnit
China,WFS
Poland,Biotechnology
China,Laboratory
Indonesia,Participant Observation
Portugal,Hazardous Waste Management
Indonesia,RIS
Poland,CSA 2010
United States,HD Camera Operation
Russia,Vulcan
Dominican Republic,Non-compete Agreements
Mauritania,Management Consulting
China,PPV
Belarus,ML
China,Xbox
China,Game Development
Philippines,Joomla
Brazil,DGA
Indonesia,DVD Architect
Finland,Tax Preparation
Moldova,Immigration Law
China,E-on Vue
Albania,SAP BPM
Indonesia,Aquifer Testing
Peru,IGMP
Poland,KPI Reports
Netherlands,NRP Instruction
Serbia,Novels
Poland,PMM
Indonesia,DNA quantification
Gambia,IEC 62304
Colombia,Gynecologic Surgery
China,Engineering
Philippines,MCMS
Portugal,xCAT
Japan,Slogans
Namibia,Object Oriented Design
Sweden,EOC
Lebanon,MCSD
Russia,DVD Duplication
Sweden,VDA
Philippines,Xenu
Dominican Republic,MPLS VPN
China,eZ Publish
Kenya,OCR
Russia,Visual Merchandising
Mexico,FMCG
France,Microsoft Publisher
Spain,MRP
China,OEE
Russia,Fine Dining
China,Direct Sales
China,Play-by-play
Japan,HR Solutions
Brazil,Salesforce.com
Russia,Certified DDI Facilitator
Indonesia,PTS
Dominican Republic,CDPE Designation
Vietnam,NREMT
China,LDAR
France,Vegetables
Philippines,MDL
Indonesia,General Surgery
Indonesia,LLP
Ireland,Knowledge Discovery
Brazil,Zynx
Poland,Iptables
Japan,Tutoring
Serbia,Myofascial Release
Serbia,XPath
Kenya,Asset Protection
Malaysia,Agile Project Management
Venezuela,KRAs
Poland,Yii
Poland,NYMEX
Brazil,TDM
Pakistan,DX200
Indonesia,Signal Processing
Indonesia,RS422
Qatar,Fund Administration
China,Single Family Homes
China,RDL
Kyrgyzstan,Zimbra
Mongolia,Economic Modeling
Japan,AQL
Poland,BFD
Ireland,gSOAP
Philippines,UCCE
China,Vsftpd
Brazil,WiFi
Burundi,QADirector
China,MC2
Portugal,RFP Design
China,Church Growth
Ukraine,SAP MDM
Poland,LDAP
Russia,Title Insurance
Macedonia,International Logistics
Iran,CICS
Indonesia,LLBLGen
Russia,CSS
China,Psychodynamic Psychotherapy
Israel,Zimbra
China,Hygiene
China,CEO/CFO Certification
Philippines,BMC Patrol
Sweden,Escrow
Indonesia,OGRE
Myanmar,Omgeo Oasys
Indonesia,UCITS
Philippines,XML
Venezuela,QuarkXPress
France,Syslog-ng
Portugal,HVAC
Latvia,Vectorworks
Norway,Sage 300 ERP
Brazil,IGP
China,PVTsim
Sweden,RV
Portugal,Document Management
Czech Republic,Jive
Democratic Republic of the Congo,Qt Creator
Philippines,Seismic Attributes
Sweden,osCommerce
China,Compensation &amp; Benefits
Brazil,MCSA
Philippines,BD+C
China,GXT
China,QMF for Windows
Sweden,Igloo
Morocco,FDR
Uganda,Military Justice
Myanmar,eHealth
Iran,pfSense
Sweden,FPLC
Argentina,DVT
China,Aquaculture
Indonesia,Pumps
Iran,Leadership Development
Indonesia,Team Mgmt
Indonesia,HDCAM
Czech Republic,FMEA
China,MP2
Indonesia,Outdoor Recreation
Greece,Temporary Placement
Philippines,MPBGP
Portugal,Capital Equipment Sales
Indonesia,Union
Brazil,Events Organisation
China,QuickBooks
China,Black &amp; White Photography
Portugal,Shipping
Greece,LSAMS
Canada,Music Industry
United States,Equity Capital Markets
Namibia,QC Tools
Indonesia,GPS Navigation
Philippines,Shotokan Karate
Indonesia,Fashion Jewelry
Bolivia,Online Publishing
France,Chemical Engineering
Poland,Chamber Music
Niger,Avionics
Honduras,Sleep Medicine
Thailand,MQX
Indonesia,Embedded Linux
Indonesia,Rehabilitation Psychology
Russia,Fashion Buying
Nicaragua,MPE
Barbados,Vyatta
Indonesia,Shipping
Poland,Data Mining
Portugal,Jigsaw
France,Knowledge Engineering
China,OAuth
Netherlands,Animal Husbandry
Tajikistan,Axioma
Ireland,CDL Class A
Syria,HVAC
Poland,EEO/AA Compliance
Paraguay,Basel II
China,WC
Ukraine,Surgery
Philippines,Distribution Center Operations
Azerbaijan,Global Operations
Russia,IT Strategy
Russia,Aerial Silks
China,VCM
Gabon,Performance Management
Indonesia,HSP
Kosovo,Roofers
Vietnam,KBOX
Guatemala,Uzbek
Poland,TBS
Portugal,JFreeChart
Indonesia,Angel LMS
Poland,BMC Portal
Democratic Republic of the Congo,FTP software
Brazil,Athlete Development
Morocco,Dubbing
Egypt,TNCC Instruction
Bosnia and Herzegovina,CMDB
China,CMiC
Czech Republic,SharePoint Designer
Poland,Cluster
Tunisia,KMDF
Brazil,Scheduling
China,RP
Russia,WFC
Indonesia,Strategic Communications
Russia,Pitching Ideas
Poland,Amadeus GDS
Poland,Vegetables
Armenia,Cash Management
Indonesia,Data Entry
Philippines,IPTV
Sweden,FBCB2
Cameroon,IKB
Bulgaria,CMM
China,RS485
Portugal,Health Education
Philippines,Osteoporosis
Indonesia,History
Sudan,Strategic Human Resources Leadership
Thailand,OSHA
Costa Rica,Keyshot
Philippines,Vaccines
Indonesia,User Experience
Indonesia,Vehicles
Bolivia,Subcontracting
France,Www
East Timor,Escrow
Indonesia,Knowledge Base
Mexico,Yellow Book
Thailand,NSE
Poland,Glassfish
Brazil,Unfair Competition
Nigeria,Video
Japan,ArcGIS
Armenia,DBE
Indonesia,UCP
Brazil,DC-9
Argentina,Short Films
South Africa,Content Strategy
China,MTP3
Russia,ZFS
Russia,TLC
Colombia,Shipping
Kyrgyzstan,Aircraft
Indonesia,VMware VTSP
China,Functional Specifications
China,AAP
France,Omnibus
Czech Republic,Equipment Installation
Portugal,Doors
Brazil,Big Data
China,Yii
Indonesia,JPA
Indonesia,Commercial Property Owners
Ireland,Content Strategy
Canada,CMMI
Nigeria,Japanese to English
Russia,High Voltage
China,Rational XDE
China,XMind
Portugal,Interest Rate Derivatives
Philippines,OGRE
China,Portuguese
Philippines,LCL
Nicaragua,Xpress
China,Customer Support
United States,HMS
Honduras,NFPA
Philippines,CPA
United States,CISA
China,Active TS/SCI Clearance
Philippines,OECD
Philippines,FPS
Czech Republic,Equestrian
United States,Not for Profit
China,z/VM
China,TMJ Dysfunction
Russia,TSCM
Indonesia,Mentoring
Argentina,DBUnit
Brazil,Justice
Ukraine,Boat
Indonesia,LCD TV
China,Applied Kinesiology
China,Awk
Poland,Project Estimation
Canada,Smartboard
Russia,Hydraulic Systems
France,Record Keeping
China,Water Features
Philippines,Surveillance
Germany,Djbdns
Portugal,ebXML
Czech Republic,PFlow
Thailand,ZoomInfo
Uzbekistan,DBVisualizer
China,WCAG
South Korea,RDF
France,ODE
China,Field Work
China,Account Management
Brazil,Heavy Oil
China,Automation
Greece,CMC
Iceland,Staff Development
Poland,Onboarding
Ghana,CPLD
Indonesia,Software Installation
Jamaica,TDP
China,EPR
Thailand,Socket.io
Cuba,DBC
Portugal,McKesson STAR
China,Corporate Real Estate
China,Cfengine
Indonesia,HSQE
Peru,HR Management
Poland,Rapid Prototyping
China,Algebra
Philippines,Mentoring
Nigeria,Zero Waste
France,DVD Duplication
Russia,Nonprofits
Gambia,ArcGIS
Tanzania,IEEE 802.11
Philippines,Middle Office
China,Income Tax
China,Driven By Results
China,Renewable Energy
Uganda,AAAHC
Czech Republic,VGA
Indonesia,CTM
Sudan,z/VM
China,Oracle OLAP
France,HR Solutions
Russia,TBS
Yemen,Dual Diagnosis
Thailand,Eggplant
China,DSP BIOS
Peru,Vector NTI
China,VDA
Mali,University Teaching
Indonesia,Economics
Indonesia,RFQ
Colombia,Governmental Affairs
Czech Republic,Program Management
Indonesia,SWIFT Messaging
Indonesia,Risk Analysis
China,Hypnosis
Afghanistan,FCNSP
China,Lubricants
Mexico,Kodaly
Greece,GI
Afghanistan,Ideas NX
China,Phase II Environmental Site Assessments
South Korea,GFS
Ukraine,LR
China,Vocals
Syria,Jazz Dance
New Zealand,TFM
Russia,SSCP
Indonesia,Location Intelligence
Philippines,Risk Analysis
China,Youth Programs
Brazil,CgFX
Bahamas,Ignite-UX
China,Community Development
United States,Mycobacteriology
Suriname,Broadband
Portugal,Ocean Freight
Russia,Boat
Dominican Republic,NPV
Argentina,Yacht Clubs
China,MMS
Indonesia,Essbase
Tunisia,jQuery UI
China,CDL Class A
China,NI LabVIEW
China,Fine Dining
Indonesia,VMware vCenter
Afghanistan,Business Analysis
Indonesia,Procurement Outsourcing
Indonesia,DXL
China,EBPP
Mexico,Pipefitting
Israel,Sh
Poland,Novell Netware
China,CQI
Democratic Republic of the Congo,Tutoring
Cyprus,Nitric Oxide
China,FSI
Russia,OLT
Norway,Organization Skills
Poland,LC-MS
China,Onshore
Indonesia,Curriculum Design
Guatemala,CNC Programing
Portugal,Jet Ski
Colombia,SAP
Russia,Mining
Israel,MySQL Cluster
Netherlands,DGA
Philippines,KOL Identification
Portugal,Kinetic Typography
Ireland,Sustainable Development
Philippines,Variance Analysis
China,Athletic Administration
Greece,VTR
Croatia,Demand Generation
Australia,JBoss EAP
United Kingdom,DWR
Poland,Factory
Indonesia,Global Strategy
Venezuela,DSO
Nicaragua,Pivot Tables
China,eTOM
Brazil,Piano Education
Kazakhstan,Time &amp; Attendance
Paraguay,HW/SW integration
Thailand,RFQ Development
Argentina,Private Piloting
China,Cross-functional Team Leadership
Indonesia,Kitchen Remodeling
France,HSEQ
China,Dynamics
Indonesia,TLC
China,KDB+
Azerbaijan,QIP
Philippines,TTS
Japan,Xbox
Greece,VM
Poland,UCS
Iran,Wholesale Purchasing
Russia,XQuery
China,RoboHelp
Albania,IVIVC
Brazil,DMMs
Indonesia,HMIs
Brazil,Black Box Testing
Greece,Loans
Poland,Variable Frequency Drives
Democratic Republic of the Congo,CTRM
China,CCIP
Indonesia,Digital Media
Yemen,Igloo
Philippines,CDO
Colombia,TCAP
China,MLA
Indonesia,HBA
Mexico,Amazon VPC
Russia,Creative Writing
Mexico,Youth Programs
Indonesia,Photoshop
United States,FTO
France,Lubrication
Russia,MXG
Dominican Republic,SRM
Bangladesh,Motion Graphics
Brazil,Graphic Design
Kazakhstan,OMNI
Poland,CVA
Portugal,Brand Architecture
China,Interviews
Ukraine,IAM
China,OC RDC
Nigeria,21 CFR Part 11
France,Floor Plans
China,OJEU
Portugal,BPT
China,Aqualogic
China,HW development
China,Kernel Programming
France,Db4o
China,Non-profit Leadership
Brazil,CD covers
Indonesia,AES
Russia,DTH
Cuba,Mentoring
France,Ocean Freight
Nigeria,HtmlUnit
Vietnam,Epoxy Flooring
China,Operational Risk
China,Zope
Ukraine,CA Unicenter NSM
Mexico,Subversion
France,Sales Tax
Russia,Permanent Placement
Pakistan,Yachting
China,IXIA
China,RCS Selector
Albania,ICT Consultancy
Indonesia,Fences
Indonesia,IT Solutions
Indonesia,IR
Thailand,RF
China,Machine Knitting
Japan,Constructive Feedback
Ukraine,JCR
Iraq,RNP
Bosnia and Herzegovina,SDL Tridion
Japan,eBay
China,CSPro
Indonesia,Account Reconciliation
Mexico,Problem Solving
Mongolia,Xbox
Sweden,CSA 2010
China,PFlow
China,Light Rail
Canada,Civil Rights
Ireland,PPBES
Portugal,Quality by Design
China,Non-profit Volunteering
Philippines,Knee Pain
Ethiopia,Winning Others Over
France,EOL
Nepal,MSI
China,Operations Management
Indonesia,Object Oriented Perl
Norway,NHS
Japan,KRA
Peru,CDMA2000
Pakistan,HP EVA
Portugal,ATR-FTIR
Belgium,NS-2
Brazil,FDM
China,NICE Call Recording
Poland,SAP PM Module
Indonesia,Digital Marketing
China,Phase II Environmental Site Assessments
Brazil,Charitable Giving
Portugal,Value Engineering
Philippines,RDC
France,General Aviation
China,CGEIT
United States,RNO
Japan,Digital IC Design
Peru,Pediatrics
Greece,CPFR
China,QPST
Zambia,DLC
Morocco,Motivational Speaking
Egypt,Kinematics
China,VSE
Haiti,Corporate Events
Poland,Twitter
Venezuela,Ocular Disease
Suriname,Windows Server
Chile,Bodywork
China,VTAM
China,OTV
Mexico,Radio Promotions
China,Inventory Management
Poland,Universal Life
Poland,Commercial Piloting
Serbia,Alzheimer&#39;s Disease
Armenia,IPSec
Pakistan,eCTD
Philippines,HST
Russia,LTSpice
Russia,ASIC
Afghanistan,E-Learning
Brazil,VMware ESX
Indonesia,NMLS
Ukraine,WM modules
Honduras,UDDI
South Korea,Ventilation
Chile,IP PBX
China,Brokerage
Nigeria,JBoss ESB
Afghanistan,Emotional Intelligence
Canada,ILS
Estonia,xPression
Brazil,External Audit
Croatia,Food Quality
Vietnam,Intercollegiate Athletics
Brazil,Secretarial Skills
Bolivia,APQP
Japan,Taleo
China,DQL
Indonesia,XML-RPC
Russia,Vectorworks
Sweden,Brain Gym
Argentina,Aviation
Indonesia,CNC
Honduras,Start-ups Management
Indonesia,MPE
Indonesia,RMX
China,Genetics
Indonesia,Organizational Development
Mexico,TFTP
Ecuador,Occupational Medicine
Brazil,Vocals
China,Vendor Management
China,CVA
Indonesia,NDDS
China,Cisco Nexus
Czech Republic,Gas Turbines
Indonesia,DWH
China,TFTP
China,Nursing Education
French Polynesia,Strategic Sourcing
China,Jiu-Jitsu
China,Zainet
Russia,Restorative Justice
Indonesia,Not for Profit
Japan,CSPO
China,Geology
Norway,Kaizen Blitz
Netherlands,Web Design
Estonia,Civil Engineering
China,Lyric Soprano
Philippines,Customs Regulations
Kyrgyzstan,RTA
France,cDNA
Russia,Lifestyle
Russia,XPlanner
Indonesia,Avid DS Nitris
Pakistan,Financial Modeling
China,Fertility
Poland,Performance Tuning
Syria,Overseas Production
Indonesia,MM7
Dominican Republic,Multithreading
Brazil,Case Management
Croatia,FMV
China,Drywall
China,QPSK
Japan,Krakatoa
Indonesia,JTAPI
Egypt,Field Work
Serbia,VBA
Sweden,Olefins
China,SVT
Ireland,Mac OS X Server
Brazil,Kanban
Bolivia,SMTP
Czech Republic,RSVP-TE
China,Musical Theatre
Ivory Coast,Winning Others Over
Sri Lanka,SR&amp;ED
Mongolia,Target Identification
Russia,Steam Turbines
Albania,UDF
Tajikistan,Slope Stability
China,Document Drafting
China,SSH
Libya,Ember.js
Ukraine,Mac &amp; PC platforms
Portugal,z/OS
China,FWSM
Japan,Cfengine
Indonesia,KDevelop
China,Programming
Indonesia,Trials
Russia,Rock Mechanics
France,FHLMC
Democratic Republic of the Congo,CSCS
Afghanistan,RMDS
Philippines,CPR Instruction
China,Chronic Illness
China,EWS
Sweden,Youth Ministry
Sri Lanka,Theology
China,Rx
Russia,Order Picking
Russia,Mood Boards
Japan,Play by Play
Mexico,Xbox
Poland,uCOS
Dominican Republic,WPC
Afghanistan,MWS
Ukraine,JProfiler
Poland,Drip Irrigation
Russia,ZigBee
Republic of the Congo,Tomcat
South Africa,Bass Guitar
Malaysia,Food Processing
Portugal,Fine Art Photography
Cuba,TGA
China,Windows Server
Ecuador,Piping
Armenia,VC-1
Armenia,Pain Management
Bolivia,RF Troubleshooting
China,Business Ideas
China,Glasses
Vietnam,BMC Patrol
China,Asset Management
Thailand,Bylaws
Japan,Cisco IOS
Canada,ZBrush
Indonesia,LTACH
Poland,Linux
Czech Republic,DC-9
Ghana,EPA
Greece,DNA ligation
France,HVAC
Philippines,VPN
Czech Republic,Osteoporosis
China,IRAs
Cuba,LSP
Czech Republic,Commercial Kitchen Design
Brazil,PXI
China,Laboratory
Cuba,Outplacement
